INDICE;DOC_NAME;SHA256;TIMESTAMP
1;1a7aa89e0000001.html;5af59f7d2694d6e4ff21edbf059294df21385a7e63a404f72b628f412a9ecbf6;2026-04-18T22:07:02.354Z
2;1a7aa89e0000002.html;da048e33a51f6e4693298c2190a3377c0507d3f14fe78ad5de47a996c32883bc;2026-04-18T22:07:02.354Z
3;1a7aa89e0000003.html;43c316a6b05a5e697b0901cbcbf1f345592b67c13e5f60addc7d188ebf6aac80;2026-04-18T22:07:02.354Z
4;1a7aa89e0000004.html;fb8c3ce79a936125faaa867e572c28ea59bb4c913141f32de40debe71a27d48b;2026-04-18T22:07:02.354Z
5;1a7aa89e0000005.html;1304a9b27dceac3ad122a45fa2ea4a98ee83921b7914a8ff7b738d0f30e00963;2026-04-18T22:07:02.354Z
6;1a7aa89e0000006.html;913445191e1abcc37427a6dc583e0dd27816f57c91bd2d17a3fea5c2a0296fea;2026-04-18T22:07:02.354Z
7;1a7aa89e0000007.html;8cc22395afa5f66bcea748d03e79635387c05b8871c86d45d7298c6832e7bc5f;2026-04-18T22:07:02.354Z
8;1a7aa89e0000008.html;bf9ff0965dd064fa606eeb505cd5ea6b84bd6fa665787317fe92fa6e17aaa3a8;2026-04-18T22:07:02.354Z
9;1a7aa89e0000009.html;e501ccd8fa43b617e7e04cda0ce4367e6e6a528b326b0dcb12afe0d0c0698808;2026-04-18T22:07:02.354Z
10;1a7aa89e0000010.html;4a8c1a5ab63c2b2987bfedefd2038253add7e5598a4a89133ad9b90dec80bd02;2026-04-18T22:07:02.355Z
11;1a7aa89e0000011.html;442703f9bf9725643792722047df06735f3de0af4724adbecfbe108fe4acd6c0;2026-04-18T22:07:02.355Z
12;1a7aa89e0000012.html;cfab7ed8cc9182ee25006ac9d880eb91d80c3ae05b5915890c92677a78da8596;2026-04-18T22:07:02.355Z
13;1a7aa89e0000013.html;50eac4fb4ed8350a3b8a241ea581d7f2db9792e20ea6c23066e838b0a6e4ee78;2026-04-18T22:07:02.355Z
14;1a7aa89e0000014.html;50b5843313e8740637530c7b89f25b886af0d577ece4eaa9168bac446f716eaa;2026-04-18T22:07:02.355Z
15;1a7aa89e0000015.html;7d30a431d7b78dbbb673004f02f2642c276ffd8ea428141c27529ff81f3ec196;2026-04-18T22:07:02.355Z
16;1a7aa89e0000016.html;fafe9ceb961131be55d392a069a8335666cd76af03b90c652bb0a9a7a589157e;2026-04-18T22:07:02.355Z
17;1a7aa89e0000017.html;e2c855bf1efbe8562f7ba426f9cd0a48691b613221650694a31fdf0391c40fd4;2026-04-18T22:07:02.355Z
18;1a7aa89e0000018.html;b741b9cfbc63324f15710485fadac5543158c436f16f167b9931fcc81219510c;2026-04-18T22:07:02.355Z
19;1a7aa89e0000019.html;7ddfda4d7ec64081e5efb28b0239a86367489ae0872c3cff7247e460a815e88e;2026-04-18T22:07:02.355Z
20;1a7aa89e0000020.html;08393b4f69a7d9bcbeb09311a0d637ca9c5ab20d09ad4f15259e6e628421534b;2026-04-18T22:07:02.356Z
21;1a7aa89e0000021.html;e8fd2dd1a772ec4819daf33197caff9f3535fca3c9a9f5109255dc270d9f2aa1;2026-04-18T22:07:02.356Z
22;1a7aa89e0000022.html;48f34fb42e69da54b02938bb8d909328a7b44b78147b944af77f3006877e02ab;2026-04-18T22:07:02.356Z
23;1a7aa89e0000023.html;c2bb2c310d3fc5ba5dbf15ae4fe00328163a6754dd4f4aca427f528116114a0f;2026-04-18T22:07:02.356Z
24;1a7aa89e0000024.html;46fda25b66eda9c7f30cc7003e8f8ff9f1605b5ac865baa14c8ae6175fe73dd8;2026-04-18T22:07:02.356Z
25;1a7aa89e0000025.html;f1421a7a9d5c08be3fcd2fdc8c280960c75cb7756fccdd49c66ff1feae3e6906;2026-04-18T22:07:02.356Z
26;1a7aa89e0000026.html;89680aa04f2c1a5823781e30fefc192ecbb3416f091a6e026baf29461cf4e144;2026-04-18T22:07:02.356Z
27;1a7aa89e0000027.html;b72b5b00920145d84c306959d68eabffc886c2e0265d5359bb008e3a83daa0a8;2026-04-18T22:07:02.356Z
28;1a7aa89e0000028.html;0c3c6756b3fa75c4ab246e862f34111fe969272db7ace2adefafa3777710598c;2026-04-18T22:07:02.356Z
29;1a7aa89e0000029.html;74bac299d80465633545b85e26b30f49af0290540abb3a95f7e4250be4b64615;2026-04-18T22:07:02.356Z
30;1a7aa89e0000030.html;159369cbccc6891d0b3118c3aab01bdae99582c0def9148d1326339a4083f0c5;2026-04-18T22:07:02.357Z
31;1a7aa89e0000031.html;43d8558b28660f175b188e260325325a2caf0723a6c2d57934cc89cce97cbffd;2026-04-18T22:07:02.357Z
32;1a7aa89e0000032.html;49205f4b94a48530678d5de6db20fa724b25c7a5ada1f70223701e2da64ab656;2026-04-18T22:07:02.357Z
33;1a7aa89e0000033.html;466d5d6aa367c804599515a8df61b887429bcd0e0facfe3aac54901eb33a59d9;2026-04-18T22:07:02.357Z
34;1a7aa89e0000034.html;a756271da5e9cd4a611d286c85969e361994fde8214c8f1d0e1dacebc0fdf541;2026-04-18T22:07:02.357Z
35;1a7aa89e0000035.html;7616326749dd66d0d210cfc64dab86ebacf796b61afdf34c50f2d0c00742028f;2026-04-18T22:07:02.357Z
36;1a7aa89e0000036.html;0b081d7a39e3f6d02aa2fd59b82a7babebb64642354eb63fd9d53e457b156e12;2026-04-18T22:07:02.357Z
37;1a7aa89e0000037.html;fd1bdf8b1b952e35c1538032288d5cf2d4c11996208053ca91ac2a4786295beb;2026-04-18T22:07:02.357Z
38;1a7aa89e0000038.html;6268a599708a4bc0cc606a2abb766ea1f648ab9e535c2a0f0092bd4cdec71138;2026-04-18T22:07:02.357Z
39;1a7aa89e0000039.html;4fe3aa190ea1d8c7536e1d83a3a55ae0c9f096f8286f27f36250359036bc358a;2026-04-18T22:07:02.357Z
40;1a7aa89e0000040.html;23d14d4185119635d7f09f565f2cd3bcb2fc8ffad94ffe3b7de3574cd0b4b84e;2026-04-18T22:07:02.357Z
41;1a7aa89e0000041.html;4a89684415919448112000b10ba21eb910204e8365c52211dfb6a853ac45acfd;2026-04-18T22:07:02.357Z
42;1a7aa89e0000042.html;f6700b1b944548f2bc5264e055213550f765da17aa6f41a347004c395a28e7dd;2026-04-18T22:07:02.357Z
43;1a7aa89e0000043.html;4447c7864be8121830fdc748a734fd5d9c09f11b851ead006ce5d10405c513a3;2026-04-18T22:07:02.357Z
44;1a7aa89e0000044.html;2034a8a13ee0f152d43b61ebe073f6d28a6c3c883e48ed82d74c45d34b09c255;2026-04-18T22:07:02.357Z
45;1a7aa89e0000045.html;cf1701c540e90f2f1a68d2ce81e745bae0c9bd84bc779c22793b93787f472b3e;2026-04-18T22:07:02.358Z
46;1a7aa89e0000046.html;6c2caffc89dd12a6c3206c3454b1137f7feba09da0a79e07dc34d080bff65b34;2026-04-18T22:07:02.358Z
47;1a7aa89e0000047.html;7de63f46eb4fdaa1849344d22b70e9c9d6dce1a87643ac4bd2e1403885c6f5e4;2026-04-18T22:07:02.358Z
48;1a7aa89e0000048.html;d2a97c3954db0493335c99ee4a1fa9415d17621997707f8df1a2a1b95c8d9405;2026-04-18T22:07:02.358Z
49;1a7aa89e0000049.html;a7e2d1e70ba822438d9fc77a4e0146cc6fc71caee66f3678a9c8e0621cb769a8;2026-04-18T22:07:02.358Z
50;1a7aa89e0000050.html;9069fcfaabda4c09c4a6246ce40e71ba28147d756b8b93f574cb7cf511cdbe58;2026-04-18T22:07:02.358Z